{
    "key": "group_5b71a23bc757e",
    "title": "[Template]Post selector",
    "fields": [
      {
        "key": "field_5f5b53349d479",
        "label": "Post Selection Mode",
        "name": "post_selection",
        "type": "button_group",
        "instructions": "Choose 'Manual' to select the post or page that should be displayed. 'Automatic' will display the latest post of the given category.",
        "required": 1,
        "conditional_logic": 0,
        "wrapper": {
          "width": "",
          "class": "",
          "id": ""
        },
        "choices": {
          "manual": "Manual",
          "latest": "Automatic (latest)"
        },
        "allow_null": 0,
        "default_value": "manual",
        "layout": "horizontal",
        "return_format": "value",
        "translations": "copy_once"
      },
      {
        "key": "field_5b71a24cf3711",
        "label": "Post",
        "name": "post",
        "type": "post_object",
        "instructions": "Select the post to display. The teaser and the image of the post, will be displayed.",
        "required": 1,
        "conditional_logic": [
          [
            {
              "field": "field_5f5b53349d479",
              "operator": "==",
              "value": "manual"
            }
          ]
        ],
        "wrapper": {
          "width": "",
          "class": "",
          "id": ""
        },
        "post_type": [
          "post",
          "page"
        ],
        "taxonomy": "",
        "allow_null": 0,
        "multiple": 0,
        "return_format": "object",
        "translations": "copy_once",
        "ui": 1
      },
      {
        "key": "field_5f5b54b49d47b",
        "label": "Category",
        "name": "category",
        "type": "taxonomy",
        "instructions": "Select the category of which the lasted post should be displayed. The teaser and the image of the post, will be shown.",
        "required": 1,
        "conditional_logic": [
          [
            {
              "field": "field_5f5b53349d479",
              "operator": "==",
              "value": "latest"
            }
          ]
        ],
        "wrapper": {
          "width": "",
          "class": "",
          "id": ""
        },
        "taxonomy": "category",
        "field_type": "select",
        "allow_null": 0,
        "add_term": 0,
        "save_terms": 0,
        "load_terms": 0,
        "return_format": "id",
        "translations": "copy_once",
        "multiple": 0
      }
    ],
    "location": [
        [
            {
                "param": "post_type",
                "operator": "==",
              "value": "post"
            }
        ]
    ],
  "menu_order": 0,
  "position": "normal",
  "style": "default",
  "label_placement": "top",
  "instruction_placement": "label",
  "hide_on_screen": "",
  "active": false,
  "description": "",
  "modified": 1599839070
}
