{
  "key": "group_5fa587aac61ec",
  "title": "(Category) Author",
  "fields": [
    {
      "key": "field_5fa587ab352a8",
      "label": "Show author",
      "name": "has_author",
      "type": "true_false",
      "instructions": "Show the author for all posts of this category?",
      "required": 0,
      "conditional_logic": 0,
      "wrapper": {
        "width": "",
        "class": "",
        "id": ""
      },
      "message": "",
      "default_value": 0,
      "ui": 1,
      "ui_on_text": "",
      "ui_off_text": ""
    }
  ],
  "location": [
    [
      {
        "param": "taxonomy",
        "operator": "==",
        "value": "category"
      }
    ]
  ],
  "menu_order": 0,
  "position": "normal",
  "style": "default",
  "label_placement": "top",
  "instruction_placement": "label",
  "hide_on_screen": "",
  "active": true,
  "description": "",
  "modified": 1604683888
}
