{
    "key": "group_5d6e2e973ceef",
    "title": "Blocks",
    "fields": [
        {
            "key": "field_5d6e6525f88a5",
            "label": "Content",
            "name": "content",
            "type": "flexible_content",
            "instructions": "",
            "required": 0,
            "conditional_logic": 0,
            "wrapper": {
                "width": "",
                "class": "",
                "id": ""
            },
            "layouts": {
                "layout_5d6e652ced572": {
                    "key": "layout_5d6e652ced572",
                    "name": "map",
                    "label": "Map",
                    "display": "block",
                    "sub_fields": [
                        {
                            "key": "field_5d6e6544f88a6",
                            "label": "",
                            "name": "",
                            "type": "clone",
                            "instructions": "",
                            "required": 0,
                            "conditional_logic": 0,
                            "wrapper": {
                                "width": "",
                                "class": "",
                                "id": ""
                            },
                            "clone": [
                                "group_5d6e374bd3dcc"
                            ],
                            "display": "seamless",
                            "layout": "block",
                            "prefix_label": 0,
                            "prefix_name": 0
                        }
                    ],
                    "min": "",
                    "max": "1"
                },
                "layout_5d6e83e0a5327": {
                    "key": "layout_5d6e83e0a5327",
                    "name": "code",
                    "label": "Code",
                    "display": "block",
                    "sub_fields": [
                        {
                            "key": "field_5d6e83efa5328",
                            "label": "",
                            "name": "",
                            "type": "clone",
                            "instructions": "",
                            "required": 0,
                            "conditional_logic": 0,
                            "wrapper": {
                                "width": "",
                                "class": "",
                                "id": ""
                            },
                            "clone": [
                                "field_5c4f21cbd787e"
                            ],
                            "display": "seamless",
                            "layout": "block",
                            "prefix_label": 0,
                            "prefix_name": 0
                        }
                    ],
                    "min": "",
                    "max": ""
                }
            },
            "button_label": "Add Block",
            "min": 1,
            "max": ""
        }
    ],
    "location": [
        [
            {
                "param": "post_type",
                "operator": "==",
                "value": "block"
            }
        ]
    ],
    "menu_order": 0,
    "position": "normal",
    "style": "default",
    "label_placement": "top",
    "instruction_placement": "label",
    "hide_on_screen": [
        "permalink",
        "the_content",
        "excerpt",
        "discussion",
        "comments",
        "slug",
        "author",
        "format",
        "page_attributes",
        "featured_image",
        "categories",
        "tags",
        "send-trackbacks"
    ],
    "active": 1,
    "description": "",
    "modified": 1567523863
}