{
    "key": "group_5b6846d09aa72",
    "title": "[Template]Single Post",
    "location": [
        [
            {
                "param": "page_type",
                "operator": "==",
                "value": "front_page"
            }
        ]
    ],
    "menu_order": 0,
    "position": "normal",
    "style": "default",
    "label_placement": "top",
    "instruction_placement": "label",
    "hide_on_screen": "",
    "active": 0,
    "description": "",
    "fields": [
        {
            "key": "field_5b7d9f270b51d",
            "label": "About this Block",
            "name": "",
            "type": "message",
            "instructions": "",
            "required": 0,
            "conditional_logic": 0,
            "wrapper": {
                "width": "",
                "class": "",
                "id": ""
            },
            "message": "Display a teaser of any post or page.",
            "new_lines": "wpautop",
            "esc_html": 0
        },
        {
            "key": "field_5b6861bb4db05",
            "label": "Block Title",
            "name": "block_title",
            "type": "clone",
            "instructions": "",
            "required": 1,
            "conditional_logic": 0,
            "wrapper": {
                "width": "",
                "class": "",
                "id": ""
            },
            "clone": [
                "group_5b684e748247e"
            ],
            "display": "seamless",
            "layout": "block",
            "prefix_label": 0,
            "prefix_name": 0
        },
        {
            "key": "field_5b6846f16fb72",
            "label": "Post",
            "name": "post",
            "type": "clone",
            "instructions": "Select the post to display. The excerpt and the image of the post, will be displayed.",
            "required": 1,
            "conditional_logic": 0,
            "wrapper": {
                "width": "",
                "class": "",
                "id": ""
            },
            "clone": [
                "group_5b71a23bc757e"
            ],
            "display": "seamless",
            "layout": "block",
            "prefix_label": 0,
            "prefix_name": 0
        },
        {
            "key": "field_5b719f7e7fcc0",
            "label": "Footer",
            "name": "footer",
            "type": "group",
            "instructions": "Immediate call to action.",
            "required": 0,
            "conditional_logic": 0,
            "wrapper": {
                "width": "",
                "class": "",
                "id": ""
            },
            "layout": "row",
            "sub_fields": [
                {
                    "key": "field_5b6847db6fb75",
                    "label": "Call to Action Link",
                    "name": "cta_link",
                    "type": "url",
                    "instructions": "Add anchor link to the call to action form.",
                    "required": 0,
                    "conditional_logic": 0,
                    "wrapper": {
                        "width": "",
                        "class": "",
                        "id": ""
                    },
                    "default_value": "",
                    "placeholder": ""
                },
                {
                    "key": "field_5b68476a6fb74",
                    "label": "Call to Action Button Text",
                    "name": "cta_label",
                    "type": "text",
                    "instructions": "",
                    "required": 1,
                    "conditional_logic": [
                        [
                            {
                                "field": "field_5b6847db6fb75",
                                "operator": "!=empty"
                            }
                        ]
                    ],
                    "wrapper": {
                        "width": "",
                        "class": "",
                        "id": ""
                    },
                    "default_value": "Get active",
                    "placeholder": "",
                    "prepend": "",
                    "append": "",
                    "maxlength": ""
                },
                {
                    "key": "field_5b6847346fb73",
                    "label": "Call to Action Description",
                    "name": "cta_desc",
                    "type": "text",
                    "instructions": "One very short sentence that explains why someone should click the call to action. Example: I want to get active against GMO.",
                    "required": 1,
                    "conditional_logic": [
                        [
                            {
                                "field": "field_5b6847db6fb75",
                                "operator": "!=empty"
                            }
                        ]
                    ],
                    "wrapper": {
                        "width": "",
                        "class": "",
                        "id": ""
                    },
                    "default_value": "",
                    "placeholder": "",
                    "prepend": "",
                    "append": "",
                    "maxlength": ""
                }
            ]
        }
    ],
    "modified": 1543324749
}