{
    "key": "group_5b6c6072e2d3f",
    "title": "[Template]Testimonials",
    "fields": [
        {
            "key": "field_5b7da1211ced8",
            "label": "About this Block",
            "name": "",
            "type": "message",
            "instructions": "",
            "required": 0,
            "conditional_logic": 0,
            "wrapper": {
                "width": "",
                "class": "",
                "id": ""
            },
            "message": "Display some fancy testimonials. Make sure you add the testimonials with the corresponding <strong>category<\/strong> in the peoples section.",
            "new_lines": "wpautop",
            "esc_html": 0
        },
        {
            "key": "field_5b6c6e387d12b",
            "label": "Block Title",
            "name": "block_title",
            "type": "clone",
            "instructions": "",
            "required": 1,
            "conditional_logic": 0,
            "wrapper": {
                "width": "",
                "class": "",
                "id": ""
            },
            "clone": [
                "group_5b684e748247e"
            ],
            "display": "seamless",
            "layout": "block",
            "prefix_label": 0,
            "prefix_name": 0
        },
        {
            "key": "field_5bbb4e32cc149",
            "label": "Title",
            "name": "title",
            "type": "text",
            "instructions": "",
            "required": 0,
            "conditional_logic": 0,
            "wrapper": {
                "width": "",
                "class": "",
                "id": ""
            },
            "default_value": "",
            "placeholder": "",
            "prepend": "",
            "append": "",
            "maxlength": 140
        },
        {
            "key": "field_5b6c608604fce",
            "label": "Testimonials",
            "name": "taxonomy",
            "type": "taxonomy",
            "instructions": "Select the testimonials to display by its category.",
            "required": 1,
            "conditional_logic": 0,
            "wrapper": {
                "width": "",
                "class": "",
                "id": ""
            },
            "taxonomy": "testimonials",
            "field_type": "multi_select",
            "allow_null": 0,
            "add_term": 0,
            "save_terms": 0,
            "load_terms": 0,
            "return_format": "id",
            "multiple": 0
        },
        {
            "key": "field_5ddd2e538374c",
            "label": "Layout (hidden)",
            "name": "layout",
            "type": "text",
            "instructions": "",
            "required": 0,
            "conditional_logic": [
                [
                    {
                        "field": "field_5bbb4e32cc149",
                        "operator": "!=empty"
                    },
                    {
                        "field": "field_5bbb4e32cc149",
                        "operator": "==empty"
                    }
                ]
            ],
            "wrapper": {
                "width": "",
                "class": "",
                "id": ""
            },
            "default_value": "horizontal",
            "placeholder": "",
            "prepend": "",
            "append": "",
            "maxlength": ""
        }
    ],
    "location": [
        [
            {
                "param": "post_type",
                "operator": "==",
                "value": "post"
            }
        ]
    ],
    "menu_order": 0,
    "position": "normal",
    "style": "default",
    "label_placement": "top",
    "instruction_placement": "label",
    "hide_on_screen": "",
    "active": 0,
    "description": "",
    "modified": 1574776459
}