{
    "key": "group_5b6c3c5890c40",
    "title": "Default",
    "fields": [
        {
            "key": "field_5b7c3141824bf",
            "label": "Teaser",
            "name": "",
            "type": "clone",
            "instructions": "",
            "required": 0,
            "conditional_logic": 0,
            "wrapper": {
                "width": "",
                "class": "",
                "id": ""
            },
            "clone": [
                "group_5bcee6dd2cfd7"
            ],
            "display": "group",
            "layout": "block",
            "prefix_label": 0,
            "prefix_name": 0
        },
        {
            "key": "field_5b7c2cb8fb969",
            "label": "Main Content",
            "name": "main_content",
            "type": "group",
            "instructions": "",
            "required": 0,
            "conditional_logic": 0,
            "wrapper": {
                "width": "",
                "class": "",
                "id": ""
            },
            "layout": "block",
            "sub_fields": [
                {
                    "key": "field_5b6c3dd87bf2a",
                    "label": "Header Image",
                    "name": "header_image",
                    "type": "image",
                    "instructions": "",
                    "required": 0,
                    "conditional_logic": 0,
                    "wrapper": {
                        "width": "",
                        "class": "",
                        "id": ""
                    },
                    "return_format": "array",
                    "preview_size": "regular",
                    "library": "all",
                    "min_width": "",
                    "min_height": "",
                    "min_size": "",
                    "max_width": "",
                    "max_height": "",
                    "max_size": "",
                    "mime_types": ""
                },
                {
                  "key": "field_5cee97780b1eb",
                  "label": "Content",
                  "name": "content",
                  "type": "clone",
                  "instructions": "",
                  "required": 0,
                  "conditional_logic": 0,
                  "wrapper": {
                    "width": "",
                    "class": "",
                    "id": ""
                  },
                  "clone": [
                    "group_5cee958e0d362"
                  ],
                  "display": "seamless",
                  "layout": "block",
                  "prefix_label": 0,
                  "prefix_name": 0
                }
            ]
        },
        {
            "key": "field_5b7c2ce4fb96a",
            "label": "Link Lists",
            "name": "link_lists",
            "type": "group",
            "instructions": "",
            "required": 0,
            "conditional_logic": 0,
            "wrapper": {
                "width": "",
                "class": "",
                "id": ""
            },
            "layout": "block",
            "sub_fields": [
                {
                    "key": "field_5b6c4ce9059a7",
                    "label": "Link List",
                    "name": "linked_content",
                    "type": "clone",
                    "instructions": "",
                    "required": 0,
                    "conditional_logic": 0,
                    "wrapper": {
                        "width": "",
                        "class": "",
                        "id": ""
                    },
                    "clone": [
                        "group_5b6c4bfaa8a26"
                    ],
                    "display": "seamless",
                    "layout": "block",
                    "prefix_label": 0,
                    "prefix_name": 0
                }
            ]
        }
    ],
    "location": [
        [
            {
                "param": "post_type",
                "operator": "==",
                "value": "post"
            },
            {
                "param": "post_template",
                "operator": "==",
                "value": "default"
            }
        ],
      [
        {
          "param": "post_type",
          "operator": "==",
          "value": "page"
        },
        {
          "param": "post_template",
          "operator": "==",
          "value": "default"
        },
        {
          "param": "page_type",
          "operator": "!=",
          "value": "front_page"
        },
        {
          "param": "page_type",
          "operator": "!=",
          "value": "posts_page"
        }
      ]
    ],
    "menu_order": 10,
    "position": "normal",
    "style": "seamless",
    "label_placement": "top",
    "instruction_placement": "label",
    "hide_on_screen": [
        "the_content",
      "excerpt",
      "discussion",
      "comments",
      "revisions",
      "slug",
      "author",
      "format",
      "featured_image",
      "send-trackbacks"
    ],
  "active": true,
  "description": "",
  "modified": 1625750667
}
