{
    "key": "group_5b6c416ac235f",
    "title": "[Template]In Short",
    "fields": [
        {
            "key": "field_5b7293fda545d",
            "label": "About this Block",
            "name": "",
            "type": "message",
            "instructions": "",
            "required": 0,
            "conditional_logic": 0,
            "wrapper": {
                "width": "",
                "class": "",
                "id": ""
            },
            "message": "This is for visitors that don't want to read a lot.\r\n\r\nProvide the key facts, preferably in bullet points and add the main call to action below.",
            "new_lines": "wpautop",
            "esc_html": 0
        },
        {
            "key": "field_5b7293675fb5d",
            "label": "Title",
            "name": "title",
            "type": "text",
            "instructions": "",
            "required": 1,
            "conditional_logic": 0,
            "wrapper": {
                "width": "",
                "class": "",
                "id": ""
            },
            "default_value": "The most important in brief",
            "placeholder": "",
            "prepend": "",
            "append": "",
            "maxlength": ""
        },
        {
            "key": "field_5b6c426cd8fbe",
            "label": "Content",
            "name": "content",
            "type": "flexible_content",
            "instructions": "Add a brief description. Then add a call to action.",
            "required": 0,
            "conditional_logic": 0,
            "wrapper": {
                "width": "",
                "class": "",
                "id": ""
            },
            "layouts": {
                "layout_5b6c42dbd8fc1": {
                    "key": "layout_5b6c42dbd8fc1",
                    "name": "text",
                    "label": "Text",
                    "display": "block",
                    "sub_fields": [
                        {
                            "key": "field_5b6c497c69760",
                            "label": "",
                            "name": "text",
                            "type": "wysiwyg",
                            "instructions": "Use bullet points, if possible.",
                            "required": 0,
                            "conditional_logic": 0,
                            "wrapper": {
                                "width": "",
                                "class": "",
                                "id": ""
                            },
                            "default_value": "",
                            "tabs": "all",
                            "toolbar": "full",
                            "media_upload": 1,
                            "delay": 0
                        }
                    ],
                    "min": "",
                    "max": ""
                },
                "layout_5b6c498e69761": {
                    "key": "layout_5b6c498e69761",
                  "name": "form",
                  "label": "Form",
                    "display": "block",
                    "sub_fields": [
                        {
                            "key": "field_5b6c499f69762",
                            "label": "Form",
                            "name": "form",
                            "type": "post_object",
                            "instructions": "",
                            "required": 0,
                            "conditional_logic": 0,
                            "wrapper": {
                                "width": "",
                                "class": "",
                                "id": ""
                            },
                            "post_type": [
                                "theme_form"
                            ],
                            "taxonomy": "",
                            "allow_null": 0,
                            "multiple": 0,
                            "return_format": "id",
                            "ui": 1
                        }
                    ],
                    "min": "",
                    "max": ""
                }
            },
            "button_label": "Add In Short Content Block",
            "min": 1,
            "max": ""
        }
    ],
    "location": [
        [
            {
                "param": "post_type",
                "operator": "==",
                "value": "post"
            }
        ]
    ],
    "menu_order": 0,
    "position": "normal",
    "style": "default",
    "label_placement": "top",
    "instruction_placement": "label",
    "hide_on_screen": "",
    "active": 0,
    "description": "",
    "modified": 1543420698
}
