{
  "key": "group_5fa5910a038f2",
  "title": "Page Template Front Page",
  "fields": [
    {
      "key": "field_5fdbdf0cb82a3",
      "label": "",
      "name": "",
      "type": "clone",
      "instructions": "",
      "required": 0,
      "conditional_logic": 0,
      "wrapper": {
        "width": "",
        "class": "",
        "id": ""
      },
      "clone": [
        "group_5b646018d7f1a"
      ],
      "display": "seamless",
      "layout": "block",
      "prefix_label": 0,
      "prefix_name": 0
    }
  ],
  "location": [
    [
      {
        "param": "page_template",
        "operator": "==",
        "value": "single_front.php"
      }
    ]
  ],
  "menu_order": 0,
  "position": "normal",
  "style": "seamless",
  "label_placement": "top",
  "instruction_placement": "label",
  "hide_on_screen": [
    "the_content",
    "excerpt",
    "discussion",
    "comments",
    "slug",
    "author",
    "format",
    "featured_image",
    "categories",
    "tags",
    "send-trackbacks"
  ],
  "active": true,
  "description": "",
  "modified": 1608245051
}
