{
    "key": "group_5b6ac8b4171c0",
    "title": "Event Description",
    "location": [
        [
            {
                "param": "post_type",
                "operator": "==",
                "value": "tribe_events"
            }
        ]
    ],
    "menu_order": 0,
    "position": "normal",
    "style": "default",
    "label_placement": "top",
    "instruction_placement": "label",
    "hide_on_screen": [
        "the_content",
        "excerpt",
        "discussion",
        "comments",
        "slug",
        "author",
        "format",
        "page_attributes",
        "featured_image",
        "categories",
        "send-trackbacks"
    ],
    "active": 1,
    "description": "",
    "fields": [
        {
            "key": "field_5b6ac8da50013",
            "label": "Image",
            "name": "image",
            "type": "image",
            "instructions": "Displayed in the teaser only.",
            "required": 1,
            "conditional_logic": 0,
            "wrapper": {
                "width": "",
                "class": "",
                "id": ""
            },
            "return_format": "array",
            "preview_size": "full-width",
            "library": "all",
            "min_width": "",
            "min_height": "",
            "min_size": "",
            "max_width": "",
            "max_height": "",
            "max_size": "",
            "mime_types": ""
        },
        {
            "key": "field_5b6ac92d144e5",
            "label": "Description",
            "name": "description",
            "type": "wysiwyg",
            "instructions": "",
            "required": 0,
            "conditional_logic": 0,
            "wrapper": {
                "width": "",
                "class": "",
                "id": ""
            },
            "default_value": "",
            "tabs": "all",
            "toolbar": "full",
            "media_upload": 1,
            "delay": 0
        }
    ],
    "modified": 1543324752
}