{
    "key": "group_5b6c0884eb9b8",
    "title": "Person",
    "fields": [
        {
            "key": "field_5bb4e39c23f7a",
            "label": "Full Name",
            "name": "full_name",
            "type": "text",
            "instructions": "",
            "required": 1,
            "conditional_logic": 0,
            "wrapper": {
                "width": "",
                "class": "",
                "id": ""
            },
            "default_value": "",
            "placeholder": "",
            "prepend": "",
            "append": "",
            "maxlength": ""
        },
        {
            "key": "field_5b6c08b39417e",
            "label": "Portrait Photo",
            "name": "image",
            "type": "image",
            "instructions": "",
            "required": 0,
            "conditional_logic": 0,
            "wrapper": {
                "width": "",
                "class": "",
                "id": ""
            },
            "return_format": "array",
            "preview_size": "thumbnail",
            "library": "all",
            "min_width": 720,
            "min_height": 720,
            "min_size": "",
            "max_width": "",
            "max_height": "",
            "max_size": "",
            "mime_types": ""
        },
        {
            "key": "field_5b6c09509417f",
            "label": "Contact",
            "name": "contact",
            "type": "flexible_content",
            "instructions": "",
            "required": 0,
            "conditional_logic": 0,
            "wrapper": {
                "width": "",
                "class": "",
                "id": ""
            },
            "layouts": {
                "5b6c09700cad3": {
                    "key": "5b6c09700cad3",
                    "name": "email",
                    "label": "Email",
                    "display": "block",
                    "sub_fields": [
                        {
                            "key": "field_5b6c097794180",
                            "label": "Email",
                            "name": "email",
                            "type": "email",
                            "instructions": "",
                            "required": 0,
                            "conditional_logic": 0,
                            "wrapper": {
                                "width": "",
                                "class": "",
                                "id": ""
                            },
                            "default_value": "",
                            "placeholder": "",
                            "prepend": "",
                            "append": ""
                        }
                    ],
                    "min": "",
                    "max": "1"
                },
                "layout_5b6c09a694181": {
                    "key": "layout_5b6c09a694181",
                    "name": "phone",
                    "label": "Phone",
                    "display": "block",
                    "sub_fields": [
                        {
                            "key": "field_5b6c09b294182",
                            "label": "Phone",
                            "name": "phone",
                            "type": "text",
                            "instructions": "",
                            "required": 0,
                            "conditional_logic": 0,
                            "wrapper": {
                                "width": "",
                                "class": "",
                                "id": ""
                            },
                            "default_value": "",
                            "placeholder": "",
                            "prepend": "",
                            "append": "",
                            "maxlength": ""
                        }
                    ],
                    "min": "",
                    "max": "1"
                },
                "layout_5b6c09ca94183": {
                    "key": "layout_5b6c09ca94183",
                    "name": "website",
                    "label": "Website",
                    "display": "block",
                    "sub_fields": [
                        {
                            "key": "field_5b6c09d394184",
                            "label": "Website",
                            "name": "website",
                            "type": "url",
                            "instructions": "",
                            "required": 0,
                            "conditional_logic": 0,
                            "wrapper": {
                                "width": "",
                                "class": "",
                                "id": ""
                            },
                            "default_value": "",
                            "placeholder": ""
                        }
                    ],
                    "min": "",
                    "max": "1"
                },
                "layout_5b6c0a1e94186": {
                    "key": "layout_5b6c0a1e94186",
                    "name": "twitter",
                    "label": "Twitter",
                    "display": "block",
                    "sub_fields": [
                        {
                            "key": "field_5b6c0a2494187",
                            "label": "Twitter Name",
                            "name": "twitter",
                            "type": "text",
                            "instructions": "Use @name",
                            "required": 0,
                            "conditional_logic": 0,
                            "wrapper": {
                                "width": "",
                                "class": "",
                                "id": ""
                            },
                            "default_value": "",
                            "placeholder": "",
                            "prepend": "",
                            "append": "",
                            "maxlength": ""
                        }
                    ],
                    "min": "",
                    "max": "1"
                },
                "layout_5b6c0a5b94188": {
                    "key": "layout_5b6c0a5b94188",
                    "name": "facebook",
                    "label": "Facebook",
                    "display": "block",
                    "sub_fields": [
                        {
                            "key": "field_5b6c0a6294189",
                            "label": "Facebook",
                            "name": "facebook",
                            "type": "url",
                            "instructions": "Use the URL to the profile or page",
                            "required": 0,
                            "conditional_logic": 0,
                            "wrapper": {
                                "width": "",
                                "class": "",
                                "id": ""
                            },
                            "default_value": "",
                            "placeholder": ""
                        }
                    ],
                    "min": "",
                    "max": "1"
                },
                "layout_bluesky_editor": {
                    "key": "layout_bluesky_editor",
                    "name": "bluesky",
                    "label": "Bluesky",
                    "display": "block",
                    "sub_fields": [
                        {
                            "key": "field_bluesky_editor",
                            "label": "Bluesky Name",
                            "name": "bluesky",
                            "type": "text",
                            "instructions": "Use @name",
                            "required": 0,
                            "conditional_logic": 0,
                            "wrapper": {
                                "width": "",
                                "class": "",
                                "id": ""
                            },
                            "default_value": "",
                            "placeholder": "",
                            "prepend": "",
                            "append": "",
                            "maxlength": ""
                        }
                    ],
                    "min": "",
                    "max": "1"
                },
                "layout_tiktok_editor": {
                    "key": "layout_tiktok_editor",
                    "name": "tiktok",
                    "label": "Tiktok",
                    "display": "block",
                    "sub_fields": [
                        {
                            "key": "field_tiktok_editor",
                            "label": "Tiktok",
                            "name": "tiktok",
                            "type": "text",
                            "instructions": "Use @name",
                            "required": 0,
                            "conditional_logic": 0,
                            "wrapper": {
                                "width": "",
                                "class": "",
                                "id": ""
                            },
                            "default_value": "",
                            "placeholder": "",
                            "prepend": "",
                            "append": "",
                            "maxlength": ""
                        }
                    ],
                    "min": "",
                    "max": "1"
                },
                "layout_5b6c0a909418a": {
                    "key": "layout_5b6c0a909418a",
                    "name": "instagram",
                    "label": "Instagram",
                    "display": "block",
                    "sub_fields": [
                        {
                            "key": "field_5b6c0ad89418b",
                            "label": "Instagram Name",
                            "name": "insta",
                            "type": "text",
                            "instructions": "Use @name",
                            "required": 0,
                            "conditional_logic": 0,
                            "wrapper": {
                                "width": "",
                                "class": "",
                                "id": ""
                            },
                            "default_value": "",
                            "placeholder": "",
                            "prepend": "",
                            "append": "",
                            "maxlength": ""
                        }
                    ],
                    "min": "",
                    "max": "1"
                },
                "layout_threads_editor": {
                  "key": "layout_threads_editor",
                  "name": "threads",
                  "label": "Threads",
                  "display": "block",
                  "sub_fields": [
                    {
                      "key": "field_threads_editor",
                      "label": "Threads Name",
                      "name": "threads",
                      "type": "text",
                      "instructions": "Use @name",
                      "required": 0,
                      "conditional_logic": 0,
                      "wrapper": {
                        "width": "",
                        "class": "",
                        "id": ""
                      },
                      "default_value": "",
                      "placeholder": "",
                      "prepend": "",
                      "append": "",
                      "maxlength": ""
                    }
                  ],
                  "min": "",
                  "max": "1"
                }
            },
            "button_label": "Add Contact",
            "min": "",
            "max": ""
        },
        {
            "key": "field_5bbb2b59ceb1f",
            "label": "Testimonials",
            "name": "testimonials",
            "type": "repeater",
            "instructions": "Displayed by the testimonials block (≠ quote block).",
            "required": 0,
            "conditional_logic": 0,
            "wrapper": {
                "width": "",
                "class": "",
                "id": ""
            },
            "collapsed": "field_5bbb2a71ceb1d",
            "min": 0,
            "max": 0,
            "layout": "block",
            "button_label": "Add Testimonial",
            "sub_fields": [
                {
                  "key": "field_5bb4e16f39fc2",
                  "label": "Quote",
                  "name": "quote",
                  "type": "textarea",
                  "instructions": "Max 280 characters",
                  "required": 0,
                  "conditional_logic": 0,
                  "wrapper": {
                    "width": "",
                    "class": "",
                    "id": ""
                  },
                  "default_value": "",
                  "placeholder": "",
                  "maxlength": 280,
                  "rows": 3,
                  "new_lines": "",
                  "translations": "ignore"
                },
                {
                    "key": "field_5bb4e14d39fc1",
                    "label": "Role",
                    "name": "role",
                    "type": "text",
                    "instructions": "Optional. Example: President Greens Fribourg, Business owner",
                    "required": 0,
                    "conditional_logic": 0,
                    "wrapper": {
                        "width": "",
                        "class": "",
                        "id": ""
                    },
                    "default_value": "",
                    "placeholder": "",
                    "prepend": "",
                    "append": "",
                    "maxlength": ""
                },
                {
                    "key": "field_5bbb2a71ceb1d",
                    "label": "Testimonial Category",
                    "name": "taxonomy",
                    "type": "taxonomy",
                    "instructions": "To present testimonials you will have to select the testimonials by category, so <strong>assign the same category to all testimonials you want to display in the same collection<\/strong>.",
                    "required": 1,
                    "conditional_logic": 0,
                    "wrapper": {
                        "width": "",
                        "class": "",
                        "id": ""
                    },
                    "taxonomy": "testimonials",
                    "field_type": "multi_select",
                    "allow_null": 0,
                    "add_term": 1,
                    "save_terms": 0,
                    "load_terms": 0,
                    "return_format": "id",
                    "multiple": 0
                }
            ]
        }
    ],
    "location": [
        [
            {
                "param": "post_type",
                "operator": "==",
                "value": "people"
            }
        ]
    ],
    "menu_order": 0,
    "position": "normal",
    "style": "default",
    "label_placement": "top",
    "instruction_placement": "label",
    "hide_on_screen": [
        "the_content",
        "excerpt",
        "discussion",
        "comments",
      "revisions",
      "slug",
      "author",
      "format",
      "page_attributes",
      "featured_image",
      "categories",
      "tags",
      "send-trackbacks"
    ],
  "active": true,
  "description": "",
  "modified": 1614790852
}
