{
    "key": "group_5b6ae2eb01de7",
    "title": "[Template]Events Block",
    "fields": [
        {
            "key": "field_5b7da28b9c989",
            "label": "About this Block",
            "name": "",
            "type": "message",
            "instructions": "",
            "required": 0,
            "conditional_logic": 0,
            "wrapper": {
                "width": "",
                "class": "",
                "id": ""
            },
            "message": "Displays a teaser of your most recent events.",
            "new_lines": "wpautop",
            "esc_html": 0
        },
        {
            "key": "field_5b6ae7071a2b7",
            "label": "Block Title",
            "name": "block_title",
            "type": "clone",
            "instructions": "",
            "required": 1,
            "conditional_logic": 0,
            "wrapper": {
                "width": "",
                "class": "",
                "id": ""
            },
            "clone": [
                "group_5b684e748247e"
            ],
            "display": "seamless",
            "layout": "block",
            "prefix_label": 0,
            "prefix_name": 0
        },
        {
            "key": "field_5b6ae32ac26d0",
            "label": "Max events to show",
            "name": "max_num",
            "type": "number",
            "instructions": "Visitors can always see all events by clicking the «Show all events»-Button.",
            "required": 1,
            "conditional_logic": 0,
            "wrapper": {
                "width": "",
                "class": "",
                "id": ""
            },
          "default_value": 4,
          "placeholder": "",
          "prepend": "",
          "append": "",
          "min": 2,
          "max": "",
          "step": 2
        },
      {
        "key": "field_5fd768b29a6e7",
        "label": "Event Category",
        "name": "show",
        "type": "button_group",
        "instructions": "",
        "required": 1,
        "conditional_logic": 0,
        "wrapper": {
          "width": "",
          "class": "",
          "id": ""
        },
        "choices": {
          "all": "Show all upcoming events",
          "category": "Only show events of specific category"
        },
        "allow_null": 0,
        "default_value": "all",
        "layout": "horizontal",
        "return_format": "value",
        "translations": "sync"
      },
      {
        "key": "field_5fd2a2ea57612",
        "label": "Select Category",
        "name": "event_category",
        "type": "taxonomy",
        "instructions": "Select the category of events to display.",
        "required": 0,
        "conditional_logic": [
          [
            {
              "field": "field_5fd768b29a6e7",
              "operator": "==",
              "value": "category"
            }
          ]
        ],
        "wrapper": {
          "width": "",
          "class": "",
          "id": ""
        },
        "taxonomy": "tribe_events_cat",
        "field_type": "select",
        "allow_null": 0,
        "add_term": 0,
        "save_terms": 0,
        "load_terms": 0,
        "return_format": "id",
        "translations": "copy_once",
        "multiple": 0
      },
      {
        "key": "field_5b6ae4faa4259",
        "label": "Full Width",
        "name": "full_width",
        "type": "true_false",
        "instructions": "If full width, the block will span the whole page (both columns) else it will only take the place of a single column block.",
        "required": 0,
        "conditional_logic": [
          [
            {
              "field": "field_5b6ae32ac26d0",
                        "operator": ">",
                        "value": "2"
                    },
                    {
                        "field": "field_5b6ae32ac26d0",
                        "operator": "<",
                        "value": "6"
                    }
                ]
            ],
            "wrapper": {
                "width": "",
                "class": "",
                "id": ""
            },
            "message": "",
            "default_value": 1,
            "ui": 1,
            "ui_on_text": "",
            "ui_off_text": ""
        }
    ],
    "location": [
        [
            {
                "param": "page_type",
                "operator": "==",
              "value": "front_page"
            }
        ]
    ],
  "menu_order": 0,
  "position": "normal",
  "style": "default",
  "label_placement": "top",
  "instruction_placement": "label",
  "hide_on_screen": "",
  "active": false,
  "description": "",
  "modified": 1607954026
}
