{
    "key": "group_5b684e748247e",
    "title": "[Template]Block title",
    "location": [
        [
            {
                "param": "page_type",
                "operator": "==",
                "value": "front_page"
            }
        ]
    ],
    "menu_order": 0,
    "position": "normal",
    "style": "default",
    "label_placement": "top",
    "instruction_placement": "label",
    "hide_on_screen": "",
    "active": 0,
    "description": "",
    "fields": [
        {
            "key": "field_5b7199bdd9d92",
            "label": "Block Title",
            "name": "block_title",
            "type": "group",
            "instructions": "Use a generic title like the category of the block. Then link it to this category.",
            "required": 0,
            "conditional_logic": 0,
            "wrapper": {
                "width": "",
                "class": "",
                "id": ""
            },
            "layout": "row",
            "sub_fields": [
                {
                    "key": "field_5b6860ce304b8",
                    "label": "Title",
                    "name": "title",
                    "type": "text",
                    "instructions": "",
                    "required": 1,
                    "conditional_logic": 0,
                    "wrapper": {
                        "width": "",
                        "class": "",
                        "id": ""
                    },
                    "default_value": "",
                    "placeholder": "",
                    "prepend": "",
                    "append": "",
                    "maxlength": 80
                },
                {
                    "key": "field_5b719aeeac444",
                    "label": "Link",
                    "name": "link",
                    "type": "group",
                    "instructions": "",
                    "required": 0,
                    "conditional_logic": 0,
                    "wrapper": {
                        "width": "",
                        "class": "",
                        "id": ""
                    },
                    "layout": "table",
                    "sub_fields": [
                        {
                            "key": "field_5b71975ea470c",
                            "label": "Link Type",
                            "name": "type",
                            "type": "button_group",
                            "instructions": "",
                            "required": 0,
                            "conditional_logic": 0,
                            "wrapper": {
                                "width": "25",
                                "class": "",
                                "id": ""
                            },
                            "choices": {
                                "category": "Category",
                                "internal": "Internal",
                                "url": "URL",
                                "none": "None"
                            },
                            "allow_null": 0,
                            "default_value": "none",
                            "layout": "vertical",
                            "return_format": "value"
                        },
                        {
                            "key": "field_5b6860fd304b9",
                            "label": "Category",
                            "name": "category",
                            "type": "taxonomy",
                            "instructions": "",
                            "required": 0,
                            "conditional_logic": [
                                [
                                    {
                                        "field": "field_5b71975ea470c",
                                        "operator": "==",
                                        "value": "category"
                                    }
                                ]
                            ],
                            "wrapper": {
                                "width": "75",
                                "class": "",
                                "id": ""
                            },
                            "taxonomy": "category",
                            "field_type": "select",
                            "allow_null": 0,
                            "add_term": 0,
                            "save_terms": 0,
                            "load_terms": 0,
                            "return_format": "id",
                            "multiple": 0
                        },
                        {
                            "key": "field_5b71984fa470e",
                            "label": "Internal Link",
                            "name": "internal",
                            "type": "post_object",
                            "instructions": "",
                            "required": 0,
                            "conditional_logic": [
                                [
                                    {
                                        "field": "field_5b71975ea470c",
                                        "operator": "==",
                                        "value": "internal"
                                    }
                                ]
                            ],
                            "wrapper": {
                                "width": "75",
                                "class": "",
                                "id": ""
                            },
                            "post_type": [
                                "post",
                                "page",
                                "tribe_events"
                            ],
                            "taxonomy": [],
                            "allow_null": 0,
                            "multiple": 0,
                            "return_format": "object",
                            "ui": 1
                        },
                        {
                            "key": "field_5b7198bba470f",
                            "label": "URL",
                            "name": "url",
                            "type": "url",
                            "instructions": "",
                            "required": 0,
                            "conditional_logic": [
                                [
                                    {
                                        "field": "field_5b71975ea470c",
                                        "operator": "==",
                                        "value": "url"
                                    }
                                ]
                            ],
                            "wrapper": {
                                "width": "75",
                                "class": "",
                                "id": ""
                            },
                            "default_value": "",
                            "placeholder": ""
                        },
                        {
                            "key": "field_5b719bb003bf4",
                            "label": "No Link",
                            "name": "",
                            "type": "message",
                            "instructions": "",
                            "required": 0,
                            "conditional_logic": [
                                [
                                    {
                                        "field": "field_5b71975ea470c",
                                        "operator": "==",
                                        "value": "none"
                                    }
                                ]
                            ],
                            "wrapper": {
                                "width": "75",
                                "class": "",
                                "id": ""
                            },
                            "message": "The block title will not be linked",
                            "new_lines": "wpautop",
                            "esc_html": 0
                        }
                    ]
                }
            ]
        }
    ],
    "modified": 1543324740
}