{
    "key": "group_5b684a4bdffb6",
    "title": "[Template]Two Posts",
    "fields": [
        {
            "key": "field_5b7d9fb145d30",
            "label": "About this Block",
            "name": "",
            "type": "message",
            "instructions": "",
            "required": 0,
            "conditional_logic": 0,
            "wrapper": {
                "width": "",
                "class": "",
                "id": ""
            },
            "message": "Displays two teasers of any post or page.",
            "new_lines": "wpautop",
            "esc_html": 0
        },
        {
            "key": "field_5b6861e519396",
            "label": "Block Title",
            "name": "block_title",
            "type": "clone",
            "instructions": "",
            "required": 1,
            "conditional_logic": 0,
            "wrapper": {
                "width": "",
                "class": "",
                "id": ""
            },
            "clone": [
                "group_5b684e748247e"
            ],
            "display": "seamless",
            "layout": "block",
            "prefix_label": 0,
            "prefix_name": 0
        },
        {
            "key": "field_5b684a4be8d5e",
            "label": "Post 1",
            "name": "post_1",
            "type": "clone",
            "instructions": "Select the post to display. The excerpt and the image of the post, will be displayed.",
          "required": 1,
          "conditional_logic": 0,
          "wrapper": {
            "width": "",
            "class": "",
            "id": ""
          },
          "clone": [
            "group_5b71a23bc757e"
          ],
          "display": "group",
          "layout": "block",
          "prefix_label": 0,
          "prefix_name": 1
        },
        {
            "key": "field_5b684a644d73a",
            "label": "Post 2",
            "name": "post_2",
            "type": "clone",
            "instructions": "",
          "required": 1,
          "conditional_logic": 0,
          "wrapper": {
            "width": "",
            "class": "",
            "id": ""
          },
          "clone": [
            "group_5b71a23bc757e"
          ],
          "display": "group",
          "layout": "block",
          "prefix_label": 0,
          "prefix_name": 1
        }
    ],
  "location": [
    [
      {
        "param": "page_type",
        "operator": "==",
        "value": "front_page"
      }
    ]
  ],
  "menu_order": 0,
  "position": "normal",
  "style": "default",
  "label_placement": "top",
  "instruction_placement": "label",
  "hide_on_screen": "",
  "active": false,
  "description": "",
  "modified": 1599821566
}
