{
  "key": "group_5fdbe45d039e4",
  "title": "[Template]Block",
  "fields": [
    {
      "key": "field_5fdbe46eb2e43",
      "label": "About this Block",
      "name": "",
      "type": "message",
      "instructions": "",
      "required": 0,
      "conditional_logic": 0,
      "wrapper": {
        "width": "",
        "class": "",
        "id": ""
      },
      "message": "You want to share content over multiple pages? Create the content as block post type, then pull it in here.",
      "new_lines": "wpautop",
      "esc_html": 0
    },
    {
      "key": "field_5fdbe48cb2e44",
      "label": "Block",
      "name": "block",
      "type": "post_object",
      "instructions": "",
      "required": 1,
      "conditional_logic": 0,
      "wrapper": {
        "width": "",
        "class": "",
        "id": ""
      },
      "post_type": [
        "block"
      ],
      "taxonomy": "",
      "allow_null": 0,
      "multiple": 0,
      "return_format": "object",
      "translations": "copy_once",
      "ui": 1
    }
  ],
  "location": [
    [
      {
        "param": "post_type",
        "operator": "==",
        "value": "post"
      }
    ]
  ],
  "menu_order": 0,
  "position": "normal",
  "style": "default",
  "label_placement": "top",
  "instruction_placement": "label",
  "hide_on_screen": "",
  "active": false,
  "description": "",
  "modified": 1608247019
}
