{
    "key": "group_5b6d9c4c1eaa5",
    "title": "(Widget) Link List",
    "location": [
        [
            {
                "param": "widget",
                "operator": "==",
                "value": "supt_link_list_widget"
            }
        ]
    ],
    "menu_order": 0,
    "position": "normal",
    "style": "default",
    "label_placement": "top",
    "instruction_placement": "label",
    "hide_on_screen": "",
    "active": 1,
    "description": "",
    "fields": [
        {
            "key": "field_5b6d9c573efbd",
            "label": "List",
            "name": "list",
            "type": "repeater",
            "instructions": "",
            "required": 0,
            "conditional_logic": 0,
            "wrapper": {
                "width": "",
                "class": "",
                "id": ""
            },
            "collapsed": "field_5b6d9c713efbe",
            "min": 0,
            "max": 0,
            "layout": "row",
            "button_label": "Add Link",
            "sub_fields": [
                {
                    "key": "field_5b6d9c713efbe",
                    "label": "Label",
                    "name": "label",
                    "type": "text",
                    "instructions": "",
                    "required": 1,
                    "conditional_logic": 0,
                    "wrapper": {
                        "width": "",
                        "class": "",
                        "id": ""
                    },
                    "default_value": "",
                    "placeholder": "",
                    "prepend": "",
                    "append": "",
                    "maxlength": ""
                },
                {
                    "key": "field_5b6d9c923efbf",
                    "label": "Link",
                    "name": "link",
                    "type": "url",
                    "instructions": "",
                    "required": 1,
                    "conditional_logic": 0,
                    "wrapper": {
                        "width": "",
                        "class": "",
                        "id": ""
                    },
                    "default_value": "",
                    "placeholder": ""
                }
            ]
        }
    ],
    "modified": 1543324740
}