{
    "key": "group_5b6d6d4f568ab",
    "title": "(Widget) Buttons",
    "location": [
        [
            {
                "param": "widget",
                "operator": "==",
                "value": "supt_button_widget"
            }
        ]
    ],
    "menu_order": 0,
    "position": "normal",
    "style": "default",
    "label_placement": "top",
    "instruction_placement": "label",
    "hide_on_screen": "",
    "active": 1,
    "description": "",
    "fields": [
        {
            "key": "field_5b6d6d7d49392",
            "label": "Buttons",
            "name": "buttons",
            "type": "repeater",
            "instructions": "",
            "required": 1,
            "conditional_logic": 0,
            "wrapper": {
                "width": "",
                "class": "",
                "id": ""
            },
            "collapsed": "field_5b6d6de749393",
            "min": 1,
            "max": 5,
            "layout": "block",
            "button_label": "Add Button",
            "sub_fields": [
                {
                    "key": "field_5b6d6de749393",
                    "label": "Button Text",
                    "name": "label",
                    "type": "text",
                    "instructions": "Max. 40 characters.",
                    "required": 1,
                    "conditional_logic": 0,
                    "wrapper": {
                        "width": "",
                        "class": "",
                        "id": ""
                    },
                    "default_value": "",
                    "placeholder": "",
                    "prepend": "",
                    "append": "",
                    "maxlength": 40
                },
                {
                    "key": "field_5b6d6dfa49394",
                    "label": "Link",
                    "name": "link",
                    "type": "url",
                    "instructions": "",
                    "required": 1,
                    "conditional_logic": 0,
                    "wrapper": {
                        "width": "",
                        "class": "",
                        "id": ""
                    },
                    "default_value": "",
                    "placeholder": ""
                },
                {
                    "key": "field_5b6d6e1349395",
                    "label": "Highlighted",
                    "name": "highlighted",
                    "type": "true_false",
                    "instructions": "",
                    "required": 0,
                    "conditional_logic": 0,
                    "wrapper": {
                        "width": "",
                        "class": "",
                        "id": ""
                    },
                    "message": "",
                    "default_value": 0,
                    "ui": 1,
                    "ui_on_text": "",
                    "ui_off_text": ""
                }
            ]
        }
    ],
    "modified": 1543324739
}