{
    "key": "group_5b68487f04a16",
    "title": "[Template]Latest Press Release",
    "location": [
        [
            {
                "param": "page_type",
                "operator": "==",
                "value": "front_page"
            }
        ]
    ],
    "menu_order": 0,
    "position": "normal",
    "style": "default",
    "label_placement": "top",
    "instruction_placement": "label",
    "hide_on_screen": "",
    "active": 0,
    "description": "",
    "fields": [
        {
            "key": "field_5b7193201a0ac",
            "label": "About this Block",
            "name": "",
            "type": "message",
            "instructions": "",
            "required": 0,
            "conditional_logic": 0,
            "wrapper": {
                "width": "",
                "class": "",
                "id": ""
            },
            "message": "Display the latest press release (as long as it is published under the category you set below). Posts where the flag 'Show on front page' is set to false will be excluded.\r\n\r\nIf the press release contains a quote block, the quote will be displayed. Else the lead is shown.",
            "new_lines": "wpautop",
            "esc_html": 0
        },
        {
            "key": "field_5b68614337425",
            "label": "Block Title",
            "name": "block_title",
            "type": "clone",
            "instructions": "",
            "required": 1,
            "conditional_logic": 0,
            "wrapper": {
                "width": "",
                "class": "",
                "id": ""
            },
            "clone": [
                "group_5b684e748247e"
            ],
            "display": "seamless",
            "layout": "block",
            "prefix_label": 0,
            "prefix_name": 0
        },
        {
            "key": "field_5b730cf648300",
            "label": "Category",
            "name": "category",
            "type": "taxonomy",
            "instructions": "Select the category of your press releases.",
            "required": 1,
            "conditional_logic": 0,
            "wrapper": {
                "width": "",
                "class": "",
                "id": ""
            },
            "taxonomy": "category",
            "field_type": "select",
            "allow_null": 0,
            "add_term": 0,
            "save_terms": 0,
            "load_terms": 0,
            "return_format": "id",
            "multiple": 0
        }
    ],
    "modified": 1543324744
}
