{
    "key": "group_5c5ab079896c0",
    "title": "(Category) Date",
    "fields": [
        {
            "key": "field_5c5ab09d6c3f1",
            "label": "Has date",
            "name": "has_date",
            "type": "true_false",
            "instructions": "Should a date be displayed with all posts categorized in this category?",
            "required": 0,
            "conditional_logic": 0,
            "wrapper": {
                "width": "",
                "class": "",
                "id": ""
            },
            "message": "",
            "default_value": 0,
            "ui": 1,
            "ui_on_text": "",
            "ui_off_text": ""
        }
    ],
    "location": [
        [
            {
                "param": "taxonomy",
                "operator": "==",
                "value": "category"
            }
        ]
    ],
    "menu_order": 0,
    "position": "normal",
    "style": "default",
    "label_placement": "top",
    "instruction_placement": "label",
    "hide_on_screen": "",
    "active": 1,
    "description": "",
    "modified": 1549460588
}