{
  "key": "group_5b76febf369b4",
  "title": "Social Media",
  "fields": [
    {
      "key": "field_5b76fef28095e",
      "label": "Display Share Buttons",
      "name": "share_buttons",
      "type": "true_false",
      "instructions": "You can hide the share buttons of this page, by disabling this option.",
      "required": 0,
      "conditional_logic": 0,
      "wrapper": {
        "width": "",
        "class": "",
        "id": ""
      },
      "message": "",
      "default_value": 1,
      "ui": 1,
      "ui_on_text": "",
      "ui_off_text": ""
    }
  ],
  "location": [
    [
      {
        "param": "post_type",
        "operator": "==",
        "value": "post"
      }
    ],
    [
      {
                "param": "post_type",
                "operator": "==",
                "value": "page"
            },
            {
                "param": "page_type",
                "operator": "!=",
                "value": "front_page"
            },
            {
                "param": "page_type",
                "operator": "!=",
                "value": "posts_page"
            },
            {
                "param": "page_template",
              "operator": "==",
              "value": "default"
            }
    ],
    [
      {
        "param": "post_type",
        "operator": "==",
        "value": "tribe_events"
      }
    ],
    [
      {
        "param": "post_type",
        "operator": "==",
        "value": "post"
      },
      {
        "param": "post_template",
        "operator": "==",
        "value": "single_landingpage.php"
      }
    ],
    [
      {
        "param": "post_type",
        "operator": "==",
        "value": "page"
      },
      {
        "param": "page_template",
        "operator": "==",
        "value": "single_landingpage.php"
      }
    ]
  ],
  "menu_order": 20,
  "position": "normal",
  "style": "default",
  "label_placement": "top",
  "instruction_placement": "label",
  "hide_on_screen": "",
  "active": true,
  "description": "",
  "modified": 1625750433
}
