{
    "key": "group_5b9a8a0bca273",
    "title": "Overview",
    "fields": [
        {
            "key": "field_5b9a8a0be9449",
            "label": "Lead",
            "name": "",
          "aria-label": "",
            "type": "clone",
            "instructions": "",
            "required": 0,
            "conditional_logic": 0,
            "wrapper": {
                "width": "",
                "class": "",
                "id": ""
            },
            "clone": [
                "field_5bcee7167c5c5"
            ],
            "display": "group",
            "layout": "block",
            "prefix_label": 0,
            "prefix_name": 0
        },
        {
            "key": "field_5b9a8a0be959d",
            "label": "Main Content",
            "name": "posts",
          "aria-label": "",
            "type": "repeater",
            "instructions": "",
            "required": 0,
            "conditional_logic": 0,
            "wrapper": {
                "width": "",
                "class": "",
                "id": ""
            },
            "collapsed": "field_5b9a8b184a95e",
            "min": 1,
            "max": 0,
            "layout": "table",
            "button_label": "Add Post \/ Page",
            "sub_fields": [
                {
                    "key": "field_5b9a8b184a95e",
                    "label": "Post \/ Page",
                    "name": "post",
                  "aria-label": "",
                    "type": "post_object",
                    "instructions": "Select the post or page, that should be displayed.",
                    "required": 0,
                    "conditional_logic": 0,
                    "wrapper": {
                        "width": "",
                        "class": "",
                        "id": ""
                    },
                    "post_type": [
                        "post",
                        "page"
                    ],
                    "taxonomy": [],
                    "allow_null": 0,
                    "multiple": 0,
                    "return_format": "id",
                  "ui": 1,
                  "bidirectional_target": [],
                  "parent_repeater": "field_5b9a8a0be959d"
                }
            ],
          "rows_per_page": 20
        }
    ],
    "location": [
        [
            {
                "param": "post_type",
                "operator": "==",
                "value": "post"
            },
            {
                "param": "post_template",
                "operator": "==",
                "value": "single_overview.php"
            }
        ],
        [
            {
                "param": "post_type",
                "operator": "==",
                "value": "page"
            },
            {
                "param": "page_template",
                "operator": "==",
                "value": "single_overview.php"
            }
        ]
    ],
    "menu_order": 10,
    "position": "normal",
    "style": "seamless",
    "label_placement": "top",
    "instruction_placement": "label",
    "hide_on_screen": [
        "the_content",
        "excerpt",
        "discussion",
        "comments",
        "revisions",
        "slug",
        "author",
        "format",
        "send-trackbacks"
    ],
  "active": true,
    "description": "",
  "show_in_rest": 0,
  "modified": 1693907037
}
