{
    "key": "group_5b62cd118cbad",
    "title": "(Menu) Featured Subnav Item",
    "fields": [
        {
            "key": "field_5b62da7660cb3",
            "label": "Featured Menu Item",
            "name": "featured_menu_item",
            "type": "true_false",
            "instructions": "This option only works on sub items (level 2). Else it won't have any effect.",
            "required": 0,
            "conditional_logic": 0,
            "wrapper": {
                "width": "",
                "class": "",
                "id": ""
            },
            "message": "",
            "default_value": 0,
            "ui": 1,
            "ui_on_text": "",
            "ui_off_text": ""
        },
        {
            "key": "field_5b730997902d0",
            "label": "",
            "name": "group",
            "type": "group",
            "instructions": "",
            "required": 0,
            "conditional_logic": [
                [
                    {
                        "field": "field_5b62da7660cb3",
                        "operator": "==",
                        "value": "1"
                    }
                ]
            ],
            "wrapper": {
                "width": "",
                "class": "",
                "id": ""
            },
            "layout": "block",
            "sub_fields": [
                {
                    "key": "field_5b71c942afd74",
                    "label": "Block Title",
                    "name": "block_title",
                    "type": "clone",
                    "instructions": "",
                    "required": 1,
                    "conditional_logic": [
                        [
                            {
                                "field": "field_5b62da7660cb3",
                                "operator": "==",
                                "value": "1"
                            }
                        ]
                    ],
                    "wrapper": {
                        "width": "",
                        "class": "",
                        "id": ""
                    },
                    "clone": [
                        "group_5b684e748247e"
                    ],
                    "display": "seamless",
                    "layout": "block",
                    "prefix_label": 0,
                    "prefix_name": 0
                },
                {
                    "key": "field_5b62ceb8766b1",
                    "label": "Image",
                    "name": "image",
                    "type": "image",
                    "instructions": "",
                    "required": 1,
                    "conditional_logic": 0,
                    "wrapper": {
                        "width": "",
                        "class": "",
                        "id": ""
                    },
                    "return_format": "id",
                    "preview_size": "regular",
                    "library": "all",
                    "min_width": 538,
                    "min_height": "",
                    "min_size": "",
                    "max_width": "",
                    "max_height": "",
                    "max_size": "",
                    "mime_types": ""
                },
                {
                  "key": "field_5b62cf84766b4",
                  "label": "Teaser",
                  "name": "teaser",
                  "type": "textarea",
                  "instructions": "Max. 140 characters.",
                  "required": 0,
                  "conditional_logic": [
                    [
                      {
                        "field": "field_5b62da7660cb3",
                        "operator": "==",
                        "value": "1"
                      }
                    ]
                  ],
                  "wrapper": {
                        "width": "",
                        "class": "",
                        "id": ""
                    },
                    "default_value": "",
                    "placeholder": "",
                    "maxlength": 140,
                    "rows": 4,
                    "new_lines": ""
                },
              {
                "key": "field_5b62cfc0766b5",
                "label": "Button Text",
                "name": "button_text",
                "type": "text",
                "instructions": "The button will link to this menu item",
                "required": 0,
                "conditional_logic": [
                  [
                    {
                      "field": "field_5b62da7660cb3",
                      "operator": "==",
                      "value": "1"
                    }
                  ]
                ],
                "wrapper": {
                        "width": "",
                        "class": "",
                        "id": ""
                },
                "default_value": "Show campaign",
                "placeholder": "",
                "prepend": "",
                "append": "",
                "maxlength": 60
              }
            ]
        }
    ],
  "location": [
    [
      {
        "param": "nav_menu_item",
        "operator": "==",
        "value": "all"
      }
    ]
  ],
  "menu_order": 0,
  "position": "normal",
  "style": "default",
  "label_placement": "top",
  "instruction_placement": "label",
  "hide_on_screen": "",
  "active": true,
  "description": "",
  "modified": 1635972087
}
