{
    "key": "group_5b6c045f68e96",
    "title": "[Template]Quote",
    "fields": [
        {
            "key": "field_5b72a5ba9a5e6",
            "label": "About this Block",
            "name": "",
            "type": "message",
            "instructions": "",
            "required": 0,
            "conditional_logic": 0,
            "wrapper": {
                "width": "",
                "class": "",
                "id": ""
            },
            "message": "Displays a nicely formatted quote of any person you added in your people section. The image will automatically be pulled from the persons record.",
            "new_lines": "wpautop",
            "esc_html": 0
        },
        {
            "key": "field_5b6c0475af343",
            "label": "Quote",
            "name": "quote",
            "type": "textarea",
            "instructions": "Max 280 character.",
            "required": 1,
            "conditional_logic": 0,
            "wrapper": {
                "width": "",
                "class": "",
                "id": ""
            },
            "default_value": "",
            "placeholder": "",
            "maxlength": "",
            "rows": 4,
            "new_lines": ""
        },
        {
            "key": "field_5b6c049caf344",
            "label": "Person",
            "name": "person",
            "type": "post_object",
            "instructions": "Select a person defined in the 'Peoples' menu. The name and the image of this person will be used to display the quote.",
            "required": 1,
            "conditional_logic": 0,
            "wrapper": {
                "width": "",
                "class": "",
                "id": ""
            },
            "post_type": [
                "people"
            ],
            "taxonomy": [],
            "allow_null": 0,
            "multiple": 0,
            "return_format": "object",
            "ui": 1
        },
        {
            "key": "field_5b6c0b8cb34c3",
            "label": "Role",
            "name": "role",
            "type": "text",
            "instructions": "Example: President of the Greens Uri",
            "required": 1,
            "conditional_logic": 0,
            "wrapper": {
                "width": "",
                "class": "",
                "id": ""
            },
            "default_value": "",
            "placeholder": "",
            "prepend": "",
            "append": "",
            "maxlength": ""
        }
    ],
    "location": [
        [
            {
                "param": "post_type",
                "operator": "==",
                "value": "post"
            }
        ]
    ],
    "menu_order": 0,
    "position": "normal",
    "style": "default",
    "label_placement": "top",
    "instruction_placement": "label",
    "hide_on_screen": "",
    "active": 0,
    "description": "",
    "modified": 1547039495
}