{
    "key": "group_5b6b14b2632f8",
    "title": "[Template]Position",
    "fields": [
        {
            "key": "field_5b6b14c533c22",
            "label": "Position Block Title",
            "name": "title",
            "type": "text",
            "instructions": "",
            "required": 1,
            "conditional_logic": 0,
            "wrapper": {
                "width": "",
                "class": "",
                "id": ""
            },
            "default_value": "",
            "placeholder": "",
            "prepend": "",
            "append": "",
            "maxlength": 80
        },
        {
            "key": "field_5b6b151133c23",
            "label": "Position",
            "name": "position",
            "type": "repeater",
            "instructions": "",
            "required": 1,
            "conditional_logic": 0,
            "wrapper": {
                "width": "",
                "class": "",
                "id": ""
            },
            "collapsed": "field_5b6b152f33c24",
            "min": 1,
            "max": 4,
            "layout": "table",
            "button_label": "Add Position",
            "sub_fields": [
                {
                    "key": "field_5b6b152f33c24",
                    "label": "Position",
                    "name": "position",
                    "type": "text",
                    "instructions": "Keep it very short, use just a few keywords. Max 120 characters.",
                    "required": 1,
                    "conditional_logic": 0,
                    "wrapper": {
                        "width": "",
                        "class": "",
                        "id": ""
                    },
                    "default_value": "",
                    "placeholder": "",
                    "prepend": "",
                    "append": "",
                    "maxlength": 120
                }
            ]
        },
        {
            "key": "field_5b6b24861e7f5",
            "label": "Read More Button Target",
            "name": "read_more_target",
            "type": "post_object",
            "instructions": "",
          "required": 0,
            "conditional_logic": 0,
            "wrapper": {
                "width": "",
                "class": "",
                "id": ""
            },
            "post_type": [
                "post",
                "page"
            ],
            "taxonomy": "",
          "allow_null": 1,
            "multiple": 0,
            "return_format": "object",
            "ui": 1
        }
    ],
    "location": [
        [
            {
                "param": "page_type",
                "operator": "==",
                "value": "front_page"
            }
        ]
    ],
    "menu_order": 0,
    "position": "normal",
    "style": "default",
    "label_placement": "top",
    "instruction_placement": "label",
    "hide_on_screen": "",
    "active": 0,
    "description": "",
  "modified": 1558980124
}
