{
    "key": "group_5b6c4bfaa8a26",
    "title": "[Template]Link Lists",
    "fields": [
        {
            "key": "field_5bfd14804bd11",
            "label": "About this Block",
            "name": "",
            "type": "message",
            "instructions": "",
            "required": 0,
            "conditional_logic": 0,
            "wrapper": {
                "width": "",
                "class": "",
                "id": ""
            },
            "message": "Use link list blocks to provide some additional information, the reader could be interested in. \r\n\r\nA good first starting point would be a <i>manual link list<\/i> block that lists documents where the reader can dig deeper, like the debate in parliament etc. A second cool block <i>(auto link list)<\/i> could be the latest posts of the same category or with the same tag.",
            "new_lines": "wpautop",
            "esc_html": 0
        },
        {
            "key": "field_5b7d1c098d538",
            "label": "Title",
            "name": "title",
            "type": "text",
            "instructions": "Example: 'You might also be interested in' or ' Related content'",
            "required": 0,
            "conditional_logic": 0,
            "wrapper": {
                "width": "",
                "class": "",
                "id": ""
            },
            "default_value": "",
            "placeholder": "",
            "prepend": "",
            "append": "",
            "maxlength": ""
        },
        {
            "key": "field_5b7c160fb4d15",
            "label": "Link List Blocks",
            "name": "link_lists",
            "type": "flexible_content",
            "instructions": "",
            "required": 0,
            "conditional_logic": 0,
            "wrapper": {
                "width": "",
                "class": "",
                "id": ""
            },
            "layouts": {
                "5b7c16195e1e9": {
                    "key": "5b7c16195e1e9",
                    "name": "manual",
                    "label": "Manual Link List (Static)",
                    "display": "block",
                    "sub_fields": [
                        {
                            "key": "field_5b7c20f594fb7",
                            "label": "About this Block",
                            "name": "",
                            "type": "message",
                            "instructions": "",
                            "required": 0,
                            "conditional_logic": 0,
                            "wrapper": {
                                "width": "",
                                "class": "",
                                "id": ""
                            },
                            "message": "Show a manually curated list of links. Links you add using this block will stay as you added them (static).",
                            "new_lines": "wpautop",
                            "esc_html": 0
                        },
                        {
                            "key": "field_5b7afba7b6b08",
                            "label": "Block Title",
                            "name": "block_title",
                            "type": "clone",
                            "instructions": "",
                            "required": 0,
                            "conditional_logic": 0,
                            "wrapper": {
                                "width": "",
                                "class": "",
                                "id": ""
                            },
                            "clone": [
                                "group_5b684e748247e"
                            ],
                            "display": "seamless",
                            "layout": "block",
                            "prefix_label": 0,
                            "prefix_name": 0
                        },
                        {
                            "key": "field_5b7af93309079",
                            "label": "Linked Content",
                            "name": "linked_content",
                            "type": "flexible_content",
                            "instructions": "Add up to four links to posts, pages, events or external links.",
                            "required": 0,
                            "conditional_logic": 0,
                            "wrapper": {
                                "width": "",
                                "class": "",
                                "id": ""
                            },
                            "layouts": {
                                "5b7af950bce91": {
                                    "key": "5b7af950bce91",
                                    "name": "links",
                                    "label": "Link",
                                    "display": "row",
                                    "sub_fields": [
                                        {
                                            "key": "field_5b7af96e0907a",
                                            "label": "Link",
                                            "name": "link",
                                            "type": "link",
                                            "instructions": "",
                                            "required": 0,
                                            "conditional_logic": 0,
                                            "wrapper": {
                                                "width": "",
                                                "class": "",
                                                "id": ""
                                            },
                                            "return_format": "array"
                                        }
                                    ],
                                    "min": "",
                                    "max": ""
                                },
                                "layout_5b7afa685296a": {
                                    "key": "layout_5b7afa685296a",
                                    "name": "post_objects",
                                    "label": "Single Post \/ Page \/ Event",
                                    "display": "row",
                                    "sub_fields": [
                                        {
                                            "key": "field_5b7af9910907b",
                                            "label": "Post \/ Page \/ Event",
                                            "name": "post_object",
                                            "type": "post_object",
                                            "instructions": "",
                                            "required": 0,
                                            "conditional_logic": 0,
                                            "wrapper": {
                                                "width": "",
                                                "class": "",
                                                "id": ""
                                            },
                                            "post_type": [
                                                "post",
                                                "page",
                                                "tribe_events"
                                            ],
                                            "taxonomy": [],
                                            "allow_null": 0,
                                            "multiple": 0,
                                            "return_format": "object",
                                            "ui": 1
                                        }
                                    ],
                                    "min": "",
                                    "max": ""
                                }
                            },
                            "button_label": "Add Link",
                            "min": 1,
                            "max": 4
                        }
                    ],
                    "min": "",
                    "max": ""
                },
                "layout_5b7c165bb4d16": {
                    "key": "layout_5b7c165bb4d16",
                    "name": "auto",
                    "label": "Auto Link List (Dynamic)",
                    "display": "block",
                    "sub_fields": [
                        {
                            "key": "field_5b7c253151b70",
                            "label": "Show Teaser",
                            "name": "full_width",
                            "type": "true_false",
                            "instructions": "If true, the teaser of every content element is shown. This block will then span the whole content area (both columns).",
                            "required": 0,
                            "conditional_logic": 0,
                            "wrapper": {
                                "width": "",
                                "class": "",
                                "id": ""
                            },
                            "message": "",
                            "default_value": 0,
                            "ui": 1,
                            "ui_on_text": "",
                            "ui_off_text": ""
                        },
                        {
                            "key": "field_5b7c1af09b255",
                            "label": "Filter criteria",
                            "name": "linked_content",
                            "type": "group",
                            "instructions": "The latest content that matches <strong>all<\/strong> of the selected categories and <strong>at least one<\/strong> of the selected tags will be displayed.<br><br>\r\n\r\nIf <strong>no tags<\/strong> are selected, content matching all of the categories will be displayed. If <strong>no categories<\/strong> are selected, all content matching any of the tags will be displayed.",
                            "required": 0,
                            "conditional_logic": 0,
                            "wrapper": {
                                "width": "",
                                "class": "",
                                "id": ""
                            },
                            "layout": "row",
                            "sub_fields": [
                                {
                                    "key": "field_5b7c1b309b256",
                                    "label": "Categories",
                                    "name": "categories",
                                    "type": "taxonomy",
                                    "instructions": "Content is displayed if <strong>all categories match<\/strong>.",
                                    "required": 0,
                                    "conditional_logic": 0,
                                    "wrapper": {
                                        "width": "",
                                        "class": "",
                                        "id": ""
                                    },
                                    "taxonomy": "category",
                                    "field_type": "multi_select",
                                    "allow_null": 0,
                                    "add_term": 0,
                                    "save_terms": 0,
                                    "load_terms": 0,
                                    "return_format": "id",
                                    "multiple": 0
                                },
                                {
                                    "key": "field_5b7c1b539b257",
                                    "label": "Tags",
                                    "name": "tags",
                                    "type": "taxonomy",
                                    "instructions": "Content is displayed if <strong>at lease one tag matches<\/strong>.",
                                    "required": 0,
                                    "conditional_logic": 0,
                                    "wrapper": {
                                        "width": "",
                                        "class": "",
                                        "id": ""
                                    },
                                    "taxonomy": "post_tag",
                                    "field_type": "multi_select",
                                    "allow_null": 0,
                                    "add_term": 0,
                                    "save_terms": 0,
                                    "load_terms": 0,
                                    "return_format": "id",
                                    "multiple": 0
                                }
                            ]
                        },
                        {
                            "key": "field_5b7c21a694fb8",
                            "label": "About this Block",
                            "name": "",
                            "type": "message",
                            "instructions": "",
                            "required": 0,
                            "conditional_logic": 0,
                            "wrapper": {
                                "width": "",
                                "class": "",
                                "id": ""
                            },
                            "message": "Display the latest four posts, events or pages that meet the given filter criteria. \r\n\r\nThis list will automatically be updated if any new content meets the filter criteria (dynamic).",
                            "new_lines": "wpautop",
                            "esc_html": 0
                        },
                        {
                            "key": "field_5b7c16edb4d17",
                            "label": "Block Title",
                            "name": "block_title",
                            "type": "clone",
                            "instructions": "",
                            "required": 0,
                            "conditional_logic": 0,
                            "wrapper": {
                                "width": "",
                                "class": "",
                                "id": ""
                            },
                            "clone": [
                                "group_5b684e748247e"
                            ],
                            "display": "seamless",
                            "layout": "block",
                            "prefix_label": 0,
                            "prefix_name": 0
                        }
                    ],
                    "min": "",
                    "max": ""
                }
            },
            "button_label": "Add Link List Block",
            "min": "",
            "max": ""
        }
    ],
    "location": [
        [
            {
                "param": "post_type",
                "operator": "==",
                "value": "post"
            }
        ]
    ],
    "menu_order": 0,
    "position": "normal",
    "style": "default",
    "label_placement": "top",
    "instruction_placement": "label",
    "hide_on_screen": "",
    "active": 0,
    "description": "",
    "modified": 1543421049
}