{
    "key": "group_5b9ba36e445dd",
    "title": "(Event) Venue",
    "location": [
        [
            {
                "param": "post_type",
                "operator": "==",
                "value": "tribe_venue"
            }
        ]
    ],
    "menu_order": 0,
    "position": "normal",
    "style": "seamless",
    "label_placement": "top",
    "instruction_placement": "label",
    "hide_on_screen": [
        "the_content",
        "excerpt",
        "discussion",
        "comments",
        "revisions",
        "slug",
        "author",
        "format",
        "page_attributes",
        "featured_image",
        "categories",
        "tags",
        "send-trackbacks"
    ],
    "active": 1,
    "description": "",
    "modified": 1543324738,
    "fields": false
}